date,admitted,deaths
2026-01-01,76,0
2026-01-02,63,0
2026-01-03,53,0
2026-01-04,69,0
2026-01-05,68,0
2026-01-06,55,0
2026-01-07,46,0
2026-01-08,35,0
2026-01-09,29,0
2026-01-10,31,0
2026-01-11,52,0
2026-01-12,33,1
2026-01-13,36,0
2026-01-14,35,0
2026-01-15,34,0
2026-01-16,12,0
2026-01-17,18,0
2026-01-18,35,0
2026-01-19,29,1
2026-01-20,26,0
2026-01-21,39,0
2026-01-22,19,0
2026-01-23,11,0
2026-01-24,24,0
2026-01-25,31,0
2026-01-26,22,0
2026-01-27,19,0
2026-01-28,25,0
2026-01-29,25,0
2026-01-30,14,0
2026-01-31,17,0
2026-02-01,14,0
2026-02-02,18,1
2026-02-03,17,0
2026-02-04,12,0
2026-02-05,16,0
2026-02-06,10,0
2026-02-07,14,0
2026-02-08,21,0
2026-02-09,23,1
2026-02-10,17,0
2026-02-11,9,0
2026-02-12,8,0
2026-02-13,6,0
2026-02-14,12,0
2026-02-15,31,0
2026-02-16,38,0
2026-02-17,14,0
2026-02-18,14,0
2026-02-19,16,0
2026-02-20,7,0
2026-02-21,12,0
2026-02-22,22,0
2026-02-23,7,0
2026-02-24,12,0
2026-02-25,14,0
2026-02-26,9,0
2026-02-27,7,0
2026-02-28,9,0
2026-03-01,10,0
2026-03-02,11,0
2026-03-03,12,0
2026-03-04,9,0
2026-03-05,10,0
2026-03-06,6,0
2026-03-07,14,0
2026-03-08,9,0
2026-03-09,11,0
2026-03-10,8,0
2026-03-11,9,0
2026-03-12,17,0
2026-03-13,6,0
2026-03-14,8,0
2026-03-15,24,0
2026-03-16,14,0
2026-03-17,4,0
2026-03-18,5,0
2026-03-19,9,0
2026-03-20,5,0
2026-03-21,5,0
2026-03-22,7,0
2026-03-23,7,0
2026-03-24,7,0
2026-03-25,9,0
2026-03-26,8,0
2026-03-27,7,0
2026-03-28,11,0
2026-03-29,41,0
2026-03-30,23,0
2026-03-31,27,0
2026-04-01,25,0
2026-04-02,25,0
2026-04-03,7,0
2026-04-04,10,0
2026-04-05,30,0
2026-04-06,43,0
2026-04-07,16,0
2026-04-08,20,0
2026-04-09,13,0
2026-04-10,13,0
2026-04-11,13,0
2026-04-12,13,0
2026-04-13,24,0
2026-04-14,14,0
2026-04-15,44,0
2026-04-16,31,0
2026-04-17,13,0
2026-04-18,17,0
2026-04-19,34,0
2026-04-20,16,0
2026-04-21,25,0
2026-04-22,25,0
2026-04-23,31,0
2026-04-24,13,0
2026-04-25,17,0
2026-04-26,28,0
2026-04-27,25,0
2026-04-28,21,0
2026-04-29,14,0
2026-04-30,20,0
2026-05-01,8,0
2026-05-02,9,0
2026-05-03,19,0
2026-05-04,16,0
2026-05-05,25,0
2026-05-06,28,0
2026-05-07,25,0
2026-05-08,12,0
2026-05-09,28,0
2026-05-10,35,1
2026-05-11,29,0
2026-05-12,37,0
2026-05-13,27,0
2026-05-14,29,0
2026-05-15,10,0
2026-05-16,16,0
2026-05-17,67,0
2026-05-18,28,0
2026-05-19,32,0
2026-05-20,33,0
2026-05-21,21,0
2026-05-22,11,0
2026-05-23,19,0
2026-05-24,23,0
2026-05-25,22,0
2026-05-26,14,0
2026-05-27,14,0
2026-05-28,10,0
2026-05-29,14,0
2026-05-30,29,0
2026-05-31,24,0
2026-06-01,110,1
2026-06-02,77,0
2026-06-03,75,0
2026-06-04,91,0
2026-06-05,23,0
2026-06-06,31,0
2026-06-07,107,0
2026-06-08,65,0
2026-06-09,68,0
2026-06-10,73,0
2026-06-11,95,0
2026-06-12,19,0
2026-06-13,35,0
2026-06-14,135,0
2026-06-15,98,0
2026-06-16,113,1
2026-06-17,87,0
2026-06-18,101,0
2026-06-19,20,0
2026-06-20,60,0
2026-06-21,220,2
2026-06-22,139,1
2026-06-23,121,0
2026-06-24,157,2
2026-06-25,198,1
2026-06-26,31,0
2026-06-27,82,0
2026-06-28,172,0
2026-06-29,124,5
2026-06-30,180,0
2026-07-01,163,1
2026-07-02,147,0
2026-07-03,44,0
2026-07-04,139,0
2026-07-05,274,0
2026-07-06,239,0
2026-07-07,196,0
2026-07-08,251,3
2026-07-09,190,2
2026-07-10,68,0
2026-07-11,158,0
2026-07-12,350,1
2026-07-13,327,2
2026-07-14,329,1
2026-07-15,391,2
2026-07-16,306,2
2026-07-17,94,0
2026-07-18,242,1
2026-07-19,473,1
2026-07-20,372,3
2026-07-21,338,1
2026-07-22,375,0
2026-07-23,450,1
2026-07-24,181,0
2026-07-25,439,1
2026-07-26,458,3
2026-07-27,546,1
2026-07-28,512,3
2026-07-29,534,3
2026-07-30,467,3
2026-07-31,153,1
2026-08-01,371,0
2026-08-02,423,2
2026-08-03,580,3
2026-08-04,530,0
2026-08-05,195,0
2026-08-06,471,0
2026-08-07,249,0
2026-08-08,544,0
2026-08-09,672,2
2026-08-10,726,0
2026-08-11,756,0
2026-08-12,723,2
2026-08-13,693,2
2026-08-14,200,0
2026-08-15,730,2
2026-08-16,805,3
2026-08-17,870,1
2026-08-18,753,3
2026-08-19,671,2
2026-08-20,750,1
2026-08-21,366,0
2026-08-22,702,0
2026-08-23,839,5
2026-08-24,994,3
2026-08-25,907,3
2026-08-26,550,0
2026-08-27,868,0
2026-08-28,342,0
2026-08-29,996,2
2026-08-30,1097,3
2026-08-31,1163,4
2026-09-01,1324,5
2026-09-02,1110,5
2026-09-03,1252,4
2026-09-04,512,0
2026-09-05,988,2
2026-09-06,1558,4
2026-09-07,1314,4
2026-09-08,1571,9
2026-09-09,1463,3
2026-09-10,1492,6
2026-09-11,790,2
2026-09-12,1056,2
2026-09-13,1561,6
2026-09-14,1733,8
2026-09-15,1593,7
2026-09-16,1753,7
2026-09-17,1484,5
2026-09-18,747,0
2026-09-19,1232,2
2026-09-20,1593,6
2026-09-21,1655,6
2026-09-22,1872,5
2026-09-23,1868,6
2026-09-24,1782,8
2026-09-25,955,2
2026-09-26,1432,8
2026-09-27,2158,6
2026-09-28,2036,8
2026-09-29,1942,6
2026-09-30,1948,6
2026-10-01,1978,4
2026-10-02,1163,1
2026-10-03,1608,6
2026-10-04,2089,6
2026-10-05,1902,9
2026-10-06,1996,10
2026-10-07,1860,8
2026-10-08,1935,5
2026-10-09,1300,1
2026-10-10,1631,4
