date,epi_week,last24_cases,last24_deaths,week_cases,week_deaths,ytd_cases,ytd_deaths,discharged_last24,discharged_ytd,cfr_pct
2026-09-05,W35,988,2,7446,23,41032,113,986,38179,0.275
2026-09-06,W36,1558,4,1558,4,42590,117,1300,39479,0.275
2026-09-07,W36,1314,4,2872,8,43904,121,1231,40709,0.276
2026-09-08,W36,1571,9,4443,17,45475,130,1418,42127,0.286
2026-09-09,W36,1463,3,5906,20,46938,133,1426,43553,0.283
2026-09-10,W36,1492,6,7398,26,48430,139,1304,44857,0.287
2026-09-11,W36,790,2,8188,28,49220,141,788,45645,0.286
2026-09-12,W36,1056,2,9244,30,50276,143,1054,46699,0.284
2026-09-13,W37,1561,6,1561,6,51837,149,1394,48093,0.287
2026-09-14,W37,1733,8,3294,14,53570,157,1282,49375,0.293
2026-09-15,W37,1593,7,4887,21,55163,164,1566,50941,0.297
2026-09-16,W37,1753,7,6640,28,56916,171,1638,52579,0.3
2026-09-17,W37,1484,5,8124,33,58400,176,1513,54092,0.301
2026-09-18,W37,747,0,8871,33,59147,176,746,54838,0.298
2026-09-19,W37,1232,2,10103,35,60379,178,1232,56070,0.295
2026-09-20,W37,1593,6,11696,41,61972,184,1587,57610,0.297
2026-09-21,W38,1655,6,3248,12,63627,190,1428,59038,0.299
2026-09-22,W38,1872,5,5120,17,65499,195,1477,60560,0.298
2026-09-23,W38,1868,6,6988,23,67367,201,1557,62117,0.298
2026-09-24,W38,1782,8,8770,31,69149,209,1757,63874,0.302
2026-09-25,W38,955,2,9725,33,70104,211,953,64827,0.301
2026-09-26,W38,1432,8,11157,41,71536,219,1424,66251,0.306
2026-09-27,W39,2158,6,2158,6,73694,225,1755,68006,0.305
2026-09-28,W39,2036,8,4194,14,75730,233,2064,70258,0.308
2026-09-29,W39,1942,6,6136,20,77672,239,1751,72008,0.308
2026-09-30,W39,1948,6,8084,26,79620,245,1882,73890,0.308
2026-10-01,W39,1978,4,10062,30,81598,249,1809,75699,0.305
2026-10-02,W39,1163,1,11225,31,82761,250,1163,76862,0.302
2026-10-03,W39,1608,6,12833,37,84369,256,1621,78482,0.303
2026-10-04,W40,2089,6,2089,6,86458,262,1865,80347,0.303
2026-10-05,W40,1902,9,3991,15,88360,271,1988,82335,0.307
2026-10-06,W40,1996,10,5987,25,90356,281,1964,84299,0.311
2026-10-07,W40,1860,8,7847,33,92216,289,1852,86152,0.313
